==37412== NVPROF is profiling process 37412, command: ./bin/sputniPIC.out inputfiles/GEM_2D_increased.inp -t 128 -s 1 -c
==37412== Profiling application: ./bin/sputniPIC.out inputfiles/GEM_2D_increased.inp -t 128 -s 1 -c
==37412== Profiling result:
"Type","Time(%)","Time","Calls","Avg","Min","Max","Name"
,%,s,,ms,ms,s,
"GPU activities",92.613192,74.202409,80,927.530108,219.250108,1.956631,"g_combined_kernel(int, int, int, int, grid, parameters, dt_info, particles_pointers, field_pointers, ids_pointers, grd_pointers)"
"GPU activities",4.113122,3.295466,1360,2.423136,0.067389,0.010323,"[CUDA memcpy HtoD]"
"GPU activities",3.273686,2.622903,920,2.850980,0.060957,0.010005,"[CUDA memcpy DtoH]"
"API calls",97.702626,80.022893,80,1000.286165,239.046359,2.082521,"cudaDeviceSynchronize"
"API calls",1.459616,1.195492,28,42.696148,32.081257,0.294990,"cudaHostAlloc"
"API calls",0.457945,0.375078,1240,0.302482,0.212564,0.016009,"cudaMemcpy"
"API calls",0.351909,0.288229,28,10.293904,9.552256,0.015069,"cudaFreeHost"
"API calls",0.011162,0.009142,1040,0.008790,0.004351,0.000152,"cudaMemcpyAsync"
"API calls",0.006454,0.005286,27,0.195776,0.142561,0.000814,"cudaMalloc"
"API calls",0.004460,0.003653,27,0.135294,0.102590,0.000281,"cudaFree"
"API calls",0.003519,0.002882,80,0.036026,0.016332,0.000170,"cudaLaunchKernel"
"API calls",0.001628,0.001334,192,0.006945,0.000303,0.000307,"cuDeviceGetAttribute"
"API calls",0.000286,0.000234,2,0.117020,0.110104,0.000124,"cuDeviceTotalMem"
"API calls",0.000162,0.000133,2,0.066296,0.061179,0.000071,"cuDeviceGetName"
"API calls",0.000132,0.000108,1,0.108469,0.108469,0.000108,"cudaStreamCreate"
"API calls",0.000061,0.000050,1,0.050270,0.050270,0.000050,"cudaStreamDestroy"
"API calls",0.000029,0.000024,2,0.011920,0.007253,0.000017,"cuDeviceGetPCIBusId"
"API calls",0.000005,0.000004,3,0.001323,0.000499,0.000003,"cuDeviceGetCount"
"API calls",0.000003,0.000003,4,0.000661,0.000357,0.000001,"cuDeviceGet"
"API calls",0.000001,0.000001,2,0.000602,0.000444,0.000001,"cuDeviceGetUuid"
