==35703== NVPROF is profiling process 35703, command: ./bin/sputniPIC.out inputfiles/GEM_2D_increased.inp -t 128 -s 32 -c
==35703== Profiling application: ./bin/sputniPIC.out inputfiles/GEM_2D_increased.inp -t 128 -s 32 -c
==35703== Profiling result:
"Type","Time(%)","Time","Calls","Avg","Min","Max","Name"
,%,s,,ms,ms,ms,
"GPU activities",92.573885,74.350225,2560,29.043056,6.867984,61.348106,"g_combined_kernel(int, int, int, int, grid, parameters, dt_info, particles_pointers, field_pointers, ids_pointers, grd_pointers)"
"GPU activities",4.138618,3.323909,18720,0.177559,0.046941,0.451178,"[CUDA memcpy HtoD]"
"GPU activities",3.287497,2.640336,15800,0.167109,0.042558,0.659616,"[CUDA memcpy DtoH]"
"API calls",97.435994,80.140943,80,1001.761783,239.304012,2082.780925,"cudaDeviceSynchronize"
"API calls",1.507538,1.239947,28,44.283837,32.518423,338.896081,"cudaHostAlloc"
"API calls",0.453831,0.373275,1240,0.301028,0.170950,16.151959,"cudaMemcpy"
"API calls",0.297954,0.245067,28,8.752386,8.202232,11.172888,"cudaFreeHost"
"API calls",0.244415,0.201031,33280,0.006040,0.004295,0.662669,"cudaMemcpyAsync"
"API calls",0.046794,0.038488,2560,0.015034,0.011393,0.607192,"cudaLaunchKernel"
"API calls",0.006446,0.005302,27,0.196355,0.143651,0.782547,"cudaMalloc"
"API calls",0.003899,0.003207,27,0.118769,0.088529,0.274064,"cudaFree"
"API calls",0.001714,0.001410,192,0.007342,0.000320,0.319558,"cuDeviceGetAttribute"
"API calls",0.000734,0.000603,32,0.018857,0.001884,0.172830,"cudaStreamCreate"
"API calls",0.000312,0.000257,2,0.128290,0.117358,0.139222,"cuDeviceTotalMem"
"API calls",0.000198,0.000163,32,0.005089,0.001898,0.069495,"cudaStreamDestroy"
"API calls",0.000134,0.000110,2,0.055175,0.045652,0.064698,"cuDeviceGetName"
"API calls",0.000027,0.000022,2,0.011187,0.007448,0.014926,"cuDeviceGetPCIBusId"
"API calls",0.000004,0.000003,4,0.000844,0.000408,0.002021,"cuDeviceGet"
"API calls",0.000004,0.000003,3,0.001118,0.000392,0.002368,"cuDeviceGetCount"
"API calls",0.000002,0.000001,2,0.000676,0.000485,0.000867,"cuDeviceGetUuid"
